Tweet,Tweet,0.0
RT @LizbethCaro07: @El_Universal_Mx @cuauhtemocb10 @lopezobrador_ Así son de llorones los del América,RT @ LizbethCaro07: @El_Universal_Mx @ cuauhtemocb10 @lopezobrador_ This is how those of America are weeping,0.0
Ojo @PartidoMorenaMx @lopezobrador_ @tatclouthier @yeidckol  https://t.co/F20wuAkPyh,Eye @PartidoMorenaMx @lopezobrador_ @tatclouthier @yeidckol https://t.co/F20wuAkPyh,0.0
RT @LaydaSansores: “Hay que poner orden en el sector energético” -dice @lopezobrador_ al defender el nombramiento de @ManuelBartlett.- “Hoy…,"RT @LaydaSansores: ""We must put order in the energy sector"" -says @lopezobrador_ when defending the appointment of @ ManuelBartlett.- ""Today ...",0.0
"RT @EuniceRendon: Como parte de la estrategia de pacificación y reconciliación nacional de @lopezobrador_, se llevarán a cabo 18 foros y 25…","RT @EuniceRendon: As part of the strategy of pacification and national reconciliation of @lopezobrador_, 18 forums will be held and 25 ...",0.0
"RT @epigmenioibarra: Yo tengo Presidente no Tlatoani
No exijo a @lopezobrador_ sacrificios humanos para legitimarse.
Los quinazos, meter a…","RT @epigmenioibarra: I have President not Tlatoani
I do not demand @lopezobrador_ human sacrifices to legitimize.
Los quinazos, tuck ...",0.0
"RT @lopezobrador_: Continuamos con el trabajo de campo para iniciar, desde el 1 de diciembre, el programa de siembra de un millón de hectár…","RT @lopezobrador_: We continue with the field work to start, from December 1, the sowing program of one million hectares ...",0.0
Te lo dije amigo ... @tonibalanza1 meterá a la carcel a los que sabe que en seis años pueden quitarles el pastel ..… https://t.co/bzYf3fNmrZ,I told you friend ... @ tonibalanza1 put to jail to those who know that in six years they can remove the cake .. ... https://t.co/bzYf3fNmrZ,0.0
@lopezobrador_  https://t.co/J7GpaTmDAO,@lopezobrador_ https://t.co/J7GpaTmDAO,0.0
RT @m_zamarripa: Difiero @DiegoPetersen en que ”Algo similar le puede ocurrir a #AMLO si no administra su capital político”. Fox no tenia i…,"RT @m_zamarripa: Difiero @DiegoPetersen in that ""Something similar can happen to #AMLO if it does not manage its political capital"". Fox did not have i ...",0.0
RT @nero_vermx: @cesamo70 @armandobon64 @TiburonJaro8 @_KatKaramelo_ @lopezobrador_ @rocionahle @Narusailor Decía Porfirio Díaz cuando algú…,RT @nero_vermx: @ cesamo70 @ armandobon64 @ TiburonJaro8 @_KatKaramelo_ @lopezobrador_ @rocionahle @Narusailor Porfirio Díaz said when some ...,0.0
@PabloHiriart @szurita @lopezobrador_ @JoseAMeadeK Que pregunta tan absurda...acaso lo hizo en las elecciones pasadas??? 🤦🏻‍♀️,RT @nero_vermx: @ cesamo70 @ armandobon64 @ TiburonJaro8 @_KatKaramelo_ @lopezobrador_ @rocionahle @Narusailor Porfirio Díaz said when some ...,0.0
RT @LaydaSansores: “Hay que poner orden en el sector energético” -dice @lopezobrador_ al defender el nombramiento de @ManuelBartlett.- “Hoy…,"RT @LaydaSansores: ""We must put order in the energy sector"" -says @lopezobrador_ when defending the appointment of @ ManuelBartlett.- ""Today ...",0.0
"RT @vobymx: @lopezobrador_ ¿Qué o quién es AGROMOD?, ¿acaso le vamos a comprar los arbolitos a AGROMOD? Digo si se puede saber","RT @vobymx: @lopezobrador_ What or who is AGROMOD ?, are we going to buy the trees from AGROMOD? I say if you can know",0.0
RT @Ser_Imperial: @lopezobrador_  https://t.co/yjAwCXUwQ6,RT @Ser_Imperial: @lopezobrador_ https://t.co/yjAwCXUwQ6,0.0
RT @luieslo: @lopezobrador_ Quien es el dueño de Agromod? Alfonso Romo...que no se va a licitar este contrato?? Ya empezó la repartición? @…,RT @luieslo: @lopezobrador_ Who is the owner of Agromod? Alfonso Romo ... who is not going to bid this contract? Has the distribution started? @ ...,0.0
"@vax_jj @lili_0069 @rhgirard @econokafka @lopezobrador_ @ABarrancoCh https://t.co/mS7CVGAnfG No soy tu chairo, mejo… https://t.co/BCNkYcbpd1","@vax_jj @ lili_0069 @rhgirard @econokafka @lopezobrador_ @ABarrancoCh https://t.co/mS7CVGAnfG No soy tu chairo, mejo ... https://t.co/BCNkYcbpd1",0.0
"RT @RaymundoUtrera: @nhassoeh @AlmendraYek @PedroRamosFranc @Monicucha @PabloHiriart @lopezobrador_ @JoseAMeadeK ¿Recibir la crítica?, ja!,…","RT @RaymundoUtrera: @nhassoeh @AlmendraYek @PedroRamosFranc @Monicucha @PabloHiriart @lopezobrador_ @JoseAMeadeK ¿Recibir la crítica ?, ja !, ...",0.0
RT @delgado1961: @lopezobrador_ Solo una pegunta? De quien Agromod? Nos es de Romo?,RT @ delgado1961: @lopezobrador_ Just one question? From whom Agromod? Is it from Romo?,0.0
@miositopanzon @Wilfrid78276543 @rocionahle @lopezobrador_ Esos van pa secretarias...,@miositopanzon @ Wilfrid78276543 @rocionahle @lopezobrador_ These van pa secretaries ...,0.0
"RT @jgnaredo: Dice @jorgeramosnews que @lopezobrador_ comienza a “traicionar” a sus votantes por haber nombrado a Bartlett en la CFE.

Duda…","RT @jgnaredo: @jorgeramosnews says that @lopezobrador_ begins to ""betray"" its voters for having named Bartlett in the CFE.

Doubt…",0.0
"RT @koyuca: @lopezobrador_ otro negocio de tu cómplice alfonso romo, presidente del grupo plenus dueño de agromod y no, no es casualidad ht…","RT @koyuca: @lopezobrador_ another business of your accomplice alfonso romo, president of the group plenus owner of agromod and no, it's no accident ht ...",0.0
https://t.co/7uGotPIh4Y,https://t.co/7uGotPIh4Y,0.0
"RT @QuesaVerdades: Me acaban de mandar un mensaje a la página de facebook diciendo que el proyecto de crear 400,000 empleos en la siembra d…","RT @QuesaVerdades: I just sent a message to the facebook page saying that the project to create 400,000 jobs in the sowing of ...",0.0
#Destacado Asegura @lopezobrador_ que no será tapadera de nadie | https://t.co/4aVGqma1LA,#Destacado Secures @lopezobrador_ that will not be anyone's cover | https://t.co/4aVGqma1LA,0.0
RT @BibiMonteroDR: @lopezobrador_ Algunos dicen que por qué no reconociste el triunfo de Calderón y Peña. ¿Se debe reconocer a quienes te r…,RT @BibiMonteroDR: @lopezobrador_ Some say that you did not recognize the triumph of Calderón and Peña. Should you recognize who you r ...,0.0
"Dicen que el pastor conoce sus ovejas y estas le conocen a él. Amlo, @lopezobrador_ era la oveja perdida pero ha vu… https://t.co/6cPjuVLwka","They say that the shepherd knows his sheep and they know him. Amlo, @lopezobrador_ was the lost sheep but has vu ... https://t.co/6cPjuVLwka",0.0
"@Chabely21462194 @humovic @salgado_jorge @RoanaBuenavent1 @ABarrancoCh @lopezobrador_ -Esté aja! Chabely , que no e… https://t.co/gefEMNzNH3","@ Chabely21462194 @humovic @salgado_jorge @ RoanaBuenavent1 @ABarrancoCh @lopezobrador_ -Yes aja! Chabely, that is not ... https://t.co/gefEMNzNH3",0.0
RT @LaydaSansores: “Hay que poner orden en el sector energético” -dice @lopezobrador_ al defender el nombramiento de @ManuelBartlett.- “Hoy…,"RT @LaydaSansores: ""We must put order in the energy sector"" -says @lopezobrador_ when defending the appointment of @ ManuelBartlett.- ""Today ...",0.0
@lopezobrador_ Mmm y esa empresa de quien es?,@lopezobrador_ Mmm and that company who is it?,0.0
Vision de Estado es lo que hace a el jefe de Estado y aqui lo podemos constatar.,Vision of the State is what makes the Head of State and here we can verify it.,0.0
@lopezobrador_ @GarciaPosti Chupalo,@lopezobrador_ @GarciaPosti Chupalo,0.0
"RT @moushes: #Mexico es pro vida como #ArgentinaEsProvida, escuchen bien @lopezobrador_ y @M_OlgaSCordero, defenderemos la vida desde la co…","RT @moushes: #Mexico is pro-life like #ArgentinaEsProvida, listen well @lopezobrador_ and @M_OlgaSCordero, we will defend life from the co ...",0.0
"RT @lopezobrador_: Continuamos con el trabajo de campo para iniciar, desde el 1 de diciembre, el programa de siembra de un millón de hectár…","RT @lopezobrador_: We continue with the field work to start, from December 1, the sowing program of one million hectares ...",0.0
https://t.co/JBxzSme78f No a Deschamps en Pemex..@lopezobrador_,https://t.co/JBxzSme78f No a Deschamps in Pemex .. @ lopezobrador_,0.0
"RT @lopezobrador_: Continuamos con el trabajo de campo para iniciar, desde el 1 de diciembre, el programa de siembra de un millón de hectár…","RT @lopezobrador_: We continue with the field work to start, from December 1, the sowing program of one million hectares ...",0.0
Quiero que @lopezobrador_ sea mi sugar daddy.,I want @lopezobrador_ to be my sugar daddy.,0.0
"RT @epigmenioibarra: ""Busco legitimar a @lopezobrador_ ?"" 
No Sr. a AMLO lo legitiman, nada más 30 millones de votos.
La campaña ya termino…","RT @epigmenioibarra: ""I seek to legitimize @lopezobrador_?""
No Mr. AMLO is legitimized, just 30 million votes.
The campaign is over ...",0.0
@lopezobrador_ VA A PASAR ALA HISTORIA CON EL PRESIDENTE QUE ENGAŃO Y LES LAVO LA CABEZA A MEDIO MEXICO DICIENDO QU… https://t.co/U4dZ4R99nm,@lopezobrador_ GO TO HISTORY WITH THE PRESIDENT THAT I GET THEM AND WASH THE HEAD TO MIDDLE MEXICO SAYING WHAT ... https://t.co/U4dZ4R99nm,0.0
RT @LaydaSansores: “Hay que poner orden en el sector energético” -dice @lopezobrador_ al defender el nombramiento de @ManuelBartlett.- “Hoy…,"RT @LaydaSansores: ""We must put order in the energy sector"" -says @lopezobrador_ when defending the appointment of @ ManuelBartlett.- ""Today ...",0.0
RT @LaydaSansores: “Hay que poner orden en el sector energético” -dice @lopezobrador_ al defender el nombramiento de @ManuelBartlett.- “Hoy…,"RT @LaydaSansores: ""We must put order in the energy sector"" -says @lopezobrador_ when defending the appointment of @ ManuelBartlett.- ""Today ...",0.0
"RT @Edd_Campe: Es difícil para muchos aceptar la reunión de @lopezobrador_ y @JoseAMeadeK lo sé, pero bajo las circunstancias de México, se…","RT @Edd_Campe: It is difficult for many to accept the meeting of @lopezobrador_ and @JoseAMeadeK I know, but under the circumstances of Mexico, it ...",0.0
"@TigreCharr0 @lopezobrador_ @tatclouthier @m_ebrard @martibatres @Claudiashein Quien candidatea a esos? Lagrimita, chuponcito?","@ TigreCharr0 @lopezobrador_ @tatclouthier @m_ebrard @martibatres @Claudiashein Who is the candidate? Lagrimita, chuponcito?",0.0
"RT @jgnaredo: Dice @jorgeramosnews que @lopezobrador_ comienza a “traicionar” a sus votantes por haber nombrado a Bartlett en la CFE.

Duda…","RT @jgnaredo: @jorgeramosnews says that @lopezobrador_ begins to ""betray"" its voters for having named Bartlett in the CFE.

Doubt…",0.0
@lopezobrador_ VA A PASAR ALA HISTORIA COMO EL PRESIDENTE QUE ENGAŃO Y LES LAVO LA CABEZA A MEDIO MEXICO DICIENDO Q… https://t.co/53P2DNC8EB,@lopezobrador_ WILL GO TO THE HISTORY LIKE THE PRESIDENT THAT DECEIVED AND I WASH THE HEAD TO MIDDLE MEXICO SAYING Q ... https://t.co/53P2DNC8EB,0.0
RT @RosaManilla: @Rogelio20176735 @MAHP1804 @ssamtaoying @LucioValerio1 @martinzhers123 @chioreya @PoetaCaminate @Patrici10041368 @Maclovia…,RT @RosaManilla: @Rogelio20176735 @MAHP1804 @ssamtaoying @LucioValerio1 @martinzhers123 @chioreya @PoetaCaminate @Patrici10041368 @Maclovia…,0.0
"RT @TamaulipasI: #VIDEO Al carecer México de banca nacional, @AlfredoJalifeR_ afirma sería necesario para gobierno de @lopezobrador_ tener…","RT @TamaulipasI: #VIDEO Since Mexico lacks national banking, @AlfredoJalifeR_ would be necessary for the government of @lopezobrador_ to have ...",0.0
RT @RosaManilla: @ssamtaoying @chioreya @hitucomolaveis @arbolitodechoco @Patrici10041368 @RoanaBuenavent1 @lefjohnny @Jlperezacevedo @MAHP…,RT @RosaManilla: @ssamtaoying @chioreya @bascomolaveis @arbolitodechoco @ Patrici10041368 @ RoanaBuenavent1 @lefjohnny @Jlperezacevedo @ MAHP ...,0.0
RT @RosaManilla: @ssamtaoying @chioreya @hitucomolaveis @arbolitodechoco @Patrici10041368 @RoanaBuenavent1 @lefjohnny @Jlperezacevedo @MAHP…,RT @RosaManilla: @ssamtaoying @chioreya @bascomolaveis @arbolitodechoco @ Patrici10041368 @ RoanaBuenavent1 @lefjohnny @Jlperezacevedo @ MAHP ...,0.0
"@lopezobrador_ Hay que parar la maldita diabetes ,","@lopezobrador_ You have to stop the damn diabetes,",0.0
Booooom amlobitches,Booooom amlobitches,0.0
"RT @MarianaDiazLuna: Se me ocurre preguntar si tú en lugar de venderte como un disque ""periodista"" hubieras sido... lo que eres, un Don nad…","RT @MarianaDiazLuna: It occurs to me to ask if instead of selling you as a ""journalist"" disc you would have been ... what you are, a Don nad ...",0.0
"RT @lopezobrador_: Continuamos con el trabajo de campo para iniciar, desde el 1 de diciembre, el programa de siembra de un millón de hectár…","RT @lopezobrador_: We continue with the field work to start, from December 1, the sowing program of one million hectares ...",0.0
RT @RosaManilla: @ssamtaoying @chioreya @hitucomolaveis @arbolitodechoco @Patrici10041368 @RoanaBuenavent1 @lefjohnny @Jlperezacevedo @MAHP…,RT @RosaManilla: @ssamtaoying @chioreya @bascomolaveis @arbolitodechoco @ Patrici10041368 @ RoanaBuenavent1 @lefjohnny @Jlperezacevedo @ MAHP ...,0.0
RT @BigDataTalks: #MEXICO así recibieron la distribución del poder estatal los últimos presidentes y así lo recibirá @lopezobrador_ (se inc…,RT @BigDataTalks: #MEXICO received the distribution of state power last presidents and will receive it @lopezobrador_ (inc ...,0.0
¿Se acabo la fiesta del cambio en México? @lopezobrador_ el pueblo no te eligió para continuar con lo mismo de siem… https://t.co/ZRrUvsDS6e,Is the party of change in Mexico over? @lopezobrador_ the town did not choose you to continue with the same thing as always ... https://t.co/ZRrUvsDS6e,0.0
"RT @lopezobrador_: Continuamos con el trabajo de campo para iniciar, desde el 1 de diciembre, el programa de siembra de un millón de hectár…","RT @lopezobrador_: We continue with the field work to start, from December 1, the sowing program of one million hectares ...",0.0
Tuitazoooo!,Tuitazoooo!,0.0
RT @RosaManilla: @ssamtaoying @chioreya @hitucomolaveis @arbolitodechoco @Patrici10041368 @RoanaBuenavent1 @lefjohnny @Jlperezacevedo @MAHP…,RT @RosaManilla: @ssamtaoying @chioreya @bascomolaveis @arbolitodechoco @ Patrici10041368 @ RoanaBuenavent1 @lefjohnny @Jlperezacevedo @ MAHP ...,0.0
"RT @lopezobrador_: Continuamos con el trabajo de campo para iniciar, desde el 1 de diciembre, el programa de siembra de un millón de hectár…","RT @lopezobrador_: We continue with the field work to start, from December 1, the sowing program of one million hectares ...",0.0
"RT @ovandoster: ¿Alguien reclamó por la ""falta de interés"" de AMLO en las energía renovables? https://t.co/EUR7re4ZMf","RT @ovandoster: Did someone complain about AMLO's ""lack of interest"" in renewable energy? https://t.co/EUR7re4ZMf",0.0
"RT @EuniceRendon: Como parte de la estrategia de pacificación y reconciliación nacional de @lopezobrador_, se llevarán a cabo 18 foros y 25…","RT @EuniceRendon: As part of the strategy of pacification and national reconciliation of @lopezobrador_, 18 forums will be held and 25 ...",0.0
@lopezobrador_ ASI Ó MAS PENDEJOS PONEN CAMBIADAS LAS BANDERAS .😂😂😂😂 https://t.co/JRVbr7pJVu,"RT @EuniceRendon: As part of the strategy of pacification and national reconciliation of @lopezobrador_, 18 forums will be held and 25 ...",0.0
@FGeopolitico @lopezdoriga @AlfredoJalifeR_ @julioastillero @fernandeznorona @rubengluengas @lopezobrador_ Te pido… https://t.co/fEEl52T3ty,@FGeopolitico @lopezdoriga @AlfredoJalifeR_ @julioastillero @fernandeznorona @rubengluengas @lopezobrador_ I ask you ... https://t.co/fEEl52T3ty,0.0
RT @RosaManilla: @lefjohnny @ssamtaoying @chioreya @hitucomolaveis @arbolitodechoco @Patrici10041368 @RoanaBuenavent1 @Jlperezacevedo @MAHP…,RT @RosaManilla: @lefjohnny @ssamtaoying @chioreya @bascomolaveis @arbolitodechoco @ Patrici10041368 @ RoanaBuenavent1 @Jlperezacevedo @ MAHP ...,0.0
RT @aldemok: Tal y como lo dijo el entrevista pasada el maester de Master @AlfredoJalifeR_ México no tiene banca no tiene ejército no tenem…,RT @aldemok: As it was said in the interview last Master's Master @ AlfredoJalifeR_ Mexico does not have a bank does not have an army ...,0.0
"RT @ivonnemelgar: En apego a su biografía de funcionario transexenal, @JoseAMeadeK admite ser considerado como parte de la tecnocracia en t…","RT @ivonnemelgar: In keeping with his transsexual civil servant biography, @JoseAMeadeK admits to being considered part of the technocracy in t ...",0.0
"RT @Edd_Campe: Es difícil para muchos aceptar la reunión de @lopezobrador_ y @JoseAMeadeK lo sé, pero bajo las circunstancias de México, se…","RT @Edd_Campe: It is difficult for many to accept the meeting of @lopezobrador_ and @JoseAMeadeK I know, but under the circumstances of Mexico, it ...",0.0
RT @1004Laf: @hitucomolaveis @RosaManilla @chioreya @arbolitodechoco @Patrici10041368 @RoanaBuenavent1 @lefjohnny @Jlperezacevedo @MAHP1804…,RT @ 1004Laf: @hitucomolaveis @RosaManilla @chioreya @arbolitodechoco @ Patrici10041368 @ RoanaBuenavent1 @lefjohnny @Jlperezacevedo @ MAHP1804 ...,0.0
RT @hitucomolaveis: @RosaManilla @chioreya @arbolitodechoco @Patrici10041368 @RoanaBuenavent1 @lefjohnny @Jlperezacevedo @MAHP1804 @ssamtao…,RT @hitucomolaveis: @RosaManilla @chioreya @arbolitodechoco @ Patrici10041368 @ RoanaBuenavent1 @lefjohnny @Jlperezacevedo @ MAHP1804 @ ssamtao ...,0.0
RT @ssamtaoying: @RosaManilla @chioreya @hitucomolaveis @arbolitodechoco @Patrici10041368 @RoanaBuenavent1 @lefjohnny @Jlperezacevedo @MAHP…,RT @ssamtaoying: @RosaManilla @chioreya @bascomolaveis @arbolitodechoco @ Patrici10041368 @ RoanaBuenavent1 @lefjohnny @Jlperezacevedo @ MAHP ...,0.0
RT @lefjohnny: @RosaManilla @ssamtaoying @chioreya @hitucomolaveis @arbolitodechoco @Patrici10041368 @RoanaBuenavent1 @Jlperezacevedo @MAHP…,RT @lefjohnny: @RosaManilla @ssamtaoying @chioreya @bascomolaveis @arbolitodechoco @ Patrici10041368 @ RoanaBuenavent1 @Jlperezacevedo @ MAHP ...,0.0
"RT @QuesaVerdades: Me acaban de mandar un mensaje a la página de facebook diciendo que el proyecto de crear 400,000 empleos en la siembra d…","RT @QuesaVerdades: I just sent a message to the facebook page saying that the project to create 400,000 jobs in the sowing of ...",0.0
@hiramzanches @fisgonmonero @lopezobrador_ @ManuelBartlett @Desde_Izquierda @Alecazarez1 @morenacamina @radioamlo… https://t.co/MWI4qSfM6L,@hiramzanches @fisgonmonero @lopezobrador_ @ManuelBartlett @Desde_Izquierda @ Alecazarez1 @morenacamina @ radioamlo ... https://t.co/MWI4qSfM6L,0.0
"RT @NachoRgz: Bartlett está con @lopezobrador_ desde hace AÑOS, incluso antes que fundara MORENA. Así que decir que AMLO ""traicionó"" a sus…","RT @NachoRgz: Bartlett is with @lopezobrador_ for YEARS, even before he founded MORENA. So to say that AMLO ""betrayed"" his ...",0.0
RT @OvejaElectrica_: Lo guardamos y me cago en tu tuit. 😂😂😂😂 https://t.co/ZlShURkAuq,"RT @NachoRgz: Bartlett is with @lopezobrador_ for YEARS, even before he founded MORENA. So to say that AMLO ""betrayed"" his ...",0.0
"RT @epigmenioibarra: ""Busco legitimar a @lopezobrador_ ?"" 
No Sr. a AMLO lo legitiman, nada más 30 millones de votos.
La campaña ya termino…","RT @epigmenioibarra: ""I seek to legitimize @lopezobrador_?""
No Mr. AMLO is legitimized, just 30 million votes.
The campaign is over ...",0.0
RT @LaydaSansores: “Hay que poner orden en el sector energético” -dice @lopezobrador_ al defender el nombramiento de @ManuelBartlett.- “Hoy…,"RT @LaydaSansores: ""We must put order in the energy sector"" -says @lopezobrador_ when defending the appointment of @ ManuelBartlett.- ""Today ...",0.0
@PabloHiriart @lopezobrador_ @JoseAMeadeK Qué oregunta tan idiota Pablito.,@PabloHiriart @lopezobrador_ @JoseAMeadeK What an idiot question Pablito.,0.0
@jgnaredo @taller2006 @jorgeramosnews @lopezobrador_ Yo sí voté por AMLO y yo sí me siento traicionado. ¿Quién te d… https://t.co/UlGVfo5rxQ,@jgnaredo @ taller2006 @jorgeramosnews @lopezobrador_ I did vote for AMLO and I do feel betrayed. Who gives you ... https://t.co/UlGVfo5rxQ,0.0
RT @FGeopolitico: Se concreta lo dicho hace un mes por el Dr @AlfredoJalifeR_? Un acercamiento el día de hoy entre @LopezObrador_  y @JoseA…,RT @FGeopolitico: What has been said a month ago by Dr @AlfredoJalifeR_? An approach today between @LopezObrador_ and @ JoseA ...,0.0
"RT @lopezobrador_: Continuamos con el trabajo de campo para iniciar, desde el 1 de diciembre, el programa de siembra de un millón de hectár…","RT @lopezobrador_: We continue with the field work to start, from December 1, the sowing program of one million hectares ...",0.0
"RT @jgnaredo: Dice @jorgeramosnews que @lopezobrador_ comienza a “traicionar” a sus votantes por haber nombrado a Bartlett en la CFE.

Duda…","RT @jgnaredo: @jorgeramosnews says that @lopezobrador_ begins to ""betray"" its voters for having named Bartlett in the CFE.

Doubt…",0.0
"RT @lopezobrador_: El 1 de julio por la noche me habló por teléfono para reconocer nuestro triunfo, José Antonio Meade. En ese entonces, le…","RT @lopezobrador_: On July 1, at night, he spoke to me on the phone to recognize our victory, José Antonio Meade. At that time, you ...",0.0
RT @LaydaSansores: “Hay que poner orden en el sector energético” -dice @lopezobrador_ al defender el nombramiento de @ManuelBartlett.- “Hoy…,"RT @LaydaSansores: ""We must put order in the energy sector"" -says @lopezobrador_ when defending the appointment of @ ManuelBartlett.- ""Today ...",0.0
"RT @epigmenioibarra: Yo tengo Presidente no Tlatoani
No exijo a @lopezobrador_ sacrificios humanos para legitimarse.
Los quinazos, meter a…","RT @epigmenioibarra: I have President not Tlatoani
I do not demand @lopezobrador_ human sacrifices to legitimize.
Los quinazos, tuck ...",0.0
"RT @jgnaredo: Dice @jorgeramosnews que @lopezobrador_ comienza a “traicionar” a sus votantes por haber nombrado a Bartlett en la CFE.

Duda…","RT @jgnaredo: @jorgeramosnews says that @lopezobrador_ begins to ""betray"" its voters for having named Bartlett in the CFE.

Doubt…",0.0
RT @laburbujavip: @ChagonEvaristo @SeorTenebroso4 @carmen_olvera @lopezobrador_ @TKazynz @Baduel78 @uliseslr81 @PsAstolfo @FEMINICIDI2 @laG…,RT @laburbujavip: @ChagonEvaristo @ SeorTenebroso4 @carmen_olvera @lopezobrador_ @TKazynz @ Baduel78 @ uliseslr81 @PsAstolfo @ FEMINICIDI2 @ laG ...,0.0
"@PabloHiriart @lopezobrador_ @JoseAMeadeK Qué pregunta tan idiota Pablito.
Quien te patroncina?","@PabloHiriart @lopezobrador_ @JoseAMeadeK What an idiot question Pablito.
Who patroncina you?",0.0
"@9chuytorres @YazmnIbarra @StopTouristAbus @MATYLE34 @jorgeramosnews @lopezobrador_ @jorgeramos Yo sí sé.
Controlab… https://t.co/gvkd00KOYJ","@ 9chuytorres @YazmnIbarra @StopTouristAbus @ MATYLE34 @jorgeramosnews @lopezobrador_ @jorgeramos I do know.
Controlab ... https://t.co/gvkd00KOYJ",0.0
"RT @jgnaredo: Dice @jorgeramosnews que @lopezobrador_ comienza a “traicionar” a sus votantes por haber nombrado a Bartlett en la CFE.

Duda…","RT @jgnaredo: @jorgeramosnews says that @lopezobrador_ begins to ""betray"" its voters for having named Bartlett in the CFE.

Doubt…",0.0
"RT @epigmenioibarra: Yo tengo Presidente no Tlatoani
No exijo a @lopezobrador_ sacrificios humanos para legitimarse.
Los quinazos, meter a…","RT @epigmenioibarra: I have President not Tlatoani
I do not demand @lopezobrador_ human sacrifices to legitimize.
Los quinazos, tuck ...",0.0
"@GabrielRafaelMM @gab_cab @logof781 @jgnaredo @LeonKrauze @lopezobrador_ Aún si no tuviéramos apellidos, MEXICANOS… https://t.co/nfaKwixl3l","@GabrielRafaelMM @gab_cab @ logof781 @jgnaredo @LeonKrauze @lopezobrador_ Even if we do not have surnames, MEXICANOS ... https://t.co/nfaKwixl3l",0.0
"RT @epigmenioibarra: Yo tengo Presidente no Tlatoani
No exijo a @lopezobrador_ sacrificios humanos para legitimarse.
Los quinazos, meter a…","RT @epigmenioibarra: I have President not Tlatoani
I do not demand @lopezobrador_ human sacrifices to legitimize.
Los quinazos, tuck ...",0.0
@cesamo70 @ManuelBartlett @CFEmx El problema de la @CFEmx es político: deja que barra con la bola de sanguijuelas n… https://t.co/mp8OQpGFzM,@ cesamo70 @ManuelBartlett @CFEmx The problem of the @CFEmx is political: let it bar with the leeches ball n ... https://t.co/mp8OQpGFzM,0.0
RT @martinzhers123: @RPE71 @PoetaCaminate #NiPerdonNiOlvido e investigación a fondo para #Meade cuando estuvo al frente de la SHCP. @lopezo…,RT @ martinzhers123: @ RPE71 @PoetaCaminate #NiPerdonNiOlvido and in-depth research for #Meade when he was in charge of the SHCP. @ lopezo ...,0.0
@lopezobrador_ Y AHORA QUE TIENEN QUE DECIR LOS PEJES ZOMBIES ?  DE ESTO ? https://t.co/NLU51GjjAf,@lopezobrador_ AND NOW THAT THEY HAVE TO SAY THE PEZES ZOMBIES? FROM THIS ? https://t.co/NLU51GjjAf,0.0
"RT @PabloHiriart: Se me ocurre preguntar si el derrotado fuera @lopezobrador_ y el triunfador @JoseAMeadeK , habría ido el perdedor a salud…","RT @PabloHiriart: It occurs to me to ask if the defeated were @lopezobrador_ and the winner @JoseAMeadeK, the loser would have gone to health ...",0.0
@martinzhers123 @RPE71 @PoetaCaminate @lopezobrador_ @tatclouthier @yeidckol @BeatrizGMuller @Cruzamaranta… https://t.co/GhOGEAaNhI,@ martinzhers123 @ RPE71 @PoetaCaminate @lopezobrador_ @tatclouthier @yeidckol @BeatrizGMuller @ Cruzamaranta ... https://t.co/GhOGEAaNhI,0.0
RT @Javier_Hidalgo: Fue un gusto recibir como Diputado electo de #Morena la propuesta de @greenpeacemx de Agenda para frenar el cambio clim…,RT @Javier_Hidalgo: It was a pleasure to receive as Deputy-elect of #Morena the proposal of @greenpeacemx of Agenda to stop climate change ...,0.0
RT @tatclouthier: @hectorsandoval0 @M_OlgaSCordero @lopezobrador_ @AlfonsoDurazo Siendo justos qué tal que le pide cuentas a los funcionari…,RT @tatclouthier: @ hectorsandoval0 @M_OlgaSCordero @lopezobrador_ @AlfonsoDurazo Being just like he is asking the government officials ...,0.0
@PabloHiriart @lopezobrador_ @JoseAMeadeK Pensamientos ociosos de una persona necia,@PabloHiriart @lopezobrador_ @JoseAMeadeK Idle thoughts of a foolish person,0.0
@lopezobrador_ En que estados se sembraran el millón de hectáreas?,@lopezobrador_ In which states will one million hectares be planted?,0.0
"Solo una persona de muy baja calaña puede pensar que el México de EPN, el México del PRI-AN era un la solución. 
Mu… https://t.co/sPw5gIxD9p","Only a person of very low caliber can think that the Mexico of EPN, the Mexico of the PRI-AN was a the solution.
Mu ... https://t.co/sPw5gIxD9p",0.0
"RT @epigmenioibarra: Yo tengo Presidente no Tlatoani
No exijo a @lopezobrador_ sacrificios humanos para legitimarse.
Los quinazos, meter a…","RT @epigmenioibarra: I have President not Tlatoani
I do not demand @lopezobrador_ human sacrifices to legitimize.
Los quinazos, tuck ...",0.0
@epigmenioibarra @lopezobrador_ Dice Savater que en democracia todos somos políticos. No es una elección sino una condición irrenunciable.,@epigmenioibarra @lopezobrador_ Savater says that in democracy we are all politicians. It is not a choice but an inalienable condition.,0.0
"RT @lopezobrador_: Continuamos con el trabajo de campo para iniciar, desde el 1 de diciembre, el programa de siembra de un millón de hectár…","RT @lopezobrador_: We continue with the field work to start, from December 1, the sowing program of one million hectares ...",0.0
"RT @PolibiodArcadia: Había dicho que estaba contra el compadrazgo, el conflicto de interés y Agromod es una de las empresas del que sera su…","RT @PolibiodArcadia: I had said that I was against compadrazgo, the conflict of interest and Agromod is one of the companies of which it will be ...",0.0
@lopezobrador_ Y HORA PASA HACER DE LA MAFIA DEL ( PRI- MOR ❤️ ) https://t.co/TAMb11ry9M,@lopezobrador_ AND HORA GOES TO MAKE THE MAFIA DEL (PRI- MOR ❤️) https://t.co/TAMb11ry9M,0.0
@miffim @Aeromexico @lopezobrador_ Y tu crees que el aeropuerto nuevo corregiría las demoras? 😱  yo creo que nada tiene que ver....,@lopezobrador_ AND HORA GOES TO MAKE THE MAFIA DEL (PRI- MOR ❤️) https://t.co/TAMb11ry9M,0.0
"RT @Concanaco: ✅ Conoce los Ejes de un México Próspero que le presentamos al presidente virtual electo, Andrés Manuel López Obrador y que e…","RT @ Concanaco: ✅ Know the Axes of a Prosperous Mexico that we present to the elected virtual president, Andrés Manuel López Obrador and that ...",0.0
"El traidor de Noroña.. siempre haciéndole oposición a @lopezobrador_ , no se olvida cuando quería destronar a lopez… https://t.co/J9lvqAHodu","The traitor of Noroña .. always making opposition to @lopezobrador_, do not forget when he wanted to dethrone lopez ... https://t.co/J9lvqAHodu",0.0
@epigmenioibarra @lopezobrador_ La reconciliación no está peleada con la justicia. El pueblo clama por justicia par… https://t.co/TnHXPaXYJR,@epigmenioibarra @lopezobrador_ Reconciliation is not fought with justice. The people cry for justice for ... https://t.co/TnHXPaXYJR,0.0
"RT @epigmenioibarra: Yo tengo Presidente no Tlatoani
No exijo a @lopezobrador_ sacrificios humanos para legitimarse.
Los quinazos, meter a…","RT @epigmenioibarra: I have President not Tlatoani
I do not demand @lopezobrador_ human sacrifices to legitimize.
Los quinazos, tuck ...",0.0
"@jzugazagoitia @samuba61 @lili_0069 @rhgirard @econokafka @lopezobrador_ @ABarrancoCh https://t.co/suTL2Jmktd  
Hay… https://t.co/t0sDg0LlTY","@jzugazagoitia @ samuba61 @ lili_0069 @rhgirard @econokafka @lopezobrador_ @ABarrancoCh https://t.co/suTL2Jmktd
Hay ... https://t.co/t0sDg0LlTY",0.0
"RT @HectorAtarrabia: El pendejo histórico es el que gusta de que sus pendejadas queden registradas para la Historia...
😂😂😂😂😂😂😂😂😂😂😂 https://…","@jzugazagoitia @ samuba61 @ lili_0069 @rhgirard @econokafka @lopezobrador_ @ABarrancoCh https://t.co/suTL2Jmktd
Hay ... https://t.co/t0sDg0LlTY",0.0
"RT @TiburonJaro8: @cesamo70 bloqueando a quien con argumentos sólidos te hace ver tu error.

Entonces ya no es un simple error.

Es querer…","RT @ TiburonJaro8: @ cesamo70 blocking who with solid arguments makes you see your error.

Then it is no longer a simple mistake.

It's wanting ...",0.0
@QuiqueMontal @gabriel67891734 @cpalomecq @jorgesuarezv @lopezobrador_ Televisa? La misma televisa que le hacía ent… https://t.co/eOrIHHVOnQ,@QuiqueMontal @ gabriel67891734 @cpalomecq @jorgesuarezv @lopezobrador_ Televisa? The same television that made him ent ... https://t.co/eOrIHHVOnQ,0.0
RT @aldemok: Tal y como lo dijo el entrevista pasada el maester de Master @AlfredoJalifeR_ México no tiene banca no tiene ejército no tenem…,RT @aldemok: As it was said in the interview last Master's Master @ AlfredoJalifeR_ Mexico does not have a bank does not have an army ...,0.0
"RT @jgnaredo: Dice @jorgeramosnews que @lopezobrador_ comienza a “traicionar” a sus votantes por haber nombrado a Bartlett en la CFE.

Duda…","RT @jgnaredo: @jorgeramosnews says that @lopezobrador_ begins to ""betray"" its voters for having named Bartlett in the CFE.

Doubt…",0.0
"@DefiendoMiiVoto @armando_ds @lopezobrador_ @jorgeramosnews 
Ya tuviste cierto impacto nocivo pero en fin ...es lo… https://t.co/uKdWc0kPfZ","@DefiendoMiiVoto @armando_ds @lopezobrador_ @jorgeramosnews
You already had some harmful impact but anyway ... it's the ... https://t.co/uKdWc0kPfZ",0.0
"RT @ANDROMACO64: Andrés Manuel. Vengo a que me pagues los departamentos que te gané en el debate. 

Mira Pepe Meade. Ejoj departamentoj no…","RT @ ANDROMACO64: Andrés Manuel. I come to you to pay me the departments that I won you in the debate.

Look Pepe Meade. Ejoj departmentj no ...",0.0
"RT @lopezobrador_: Continuamos con el trabajo de campo para iniciar, desde el 1 de diciembre, el programa de siembra de un millón de hectár…","RT @lopezobrador_: We continue with the field work to start, from December 1, the sowing program of one million hectares ...",0.0
"RT @lopezobrador_: Continuamos con el trabajo de campo para iniciar, desde el 1 de diciembre, el programa de siembra de un millón de hectár…","RT @lopezobrador_: We continue with the field work to start, from December 1, the sowing program of one million hectares ...",0.0
"#LasMásLeídas @lopezobrador_ se reúne con @JoseAMeadeK y celebra la unidad 
https://t.co/oQ3gvxbxij https://t.co/kNqEEXp0xv","# LasMásLeídas @lopezobrador_ meets with @JoseAMeadeK and celebrates the unity
https://t.co/oQ3gvxbxij https://t.co/kNqEEXp0xv",0.0
"#LasMásLeídas @lopezobrador_ se reúne con @JoseAMeadeK y celebra la unidad 
https://t.co/oQ3gvxbxij https://t.co/kNqEEXp0xv","# LasMásLeídas @lopezobrador_ meets with @JoseAMeadeK and celebrates the unity
https://t.co/oQ3gvxbxij https://t.co/kNqEEXp0xv",0.0
@VicenteFoxQue Hey Vicente I like you. I don’t like Trump but I wanna remind you how you were bashing… https://t.co/YDwAnNkuOf,@VicenteFoxQue Hey Vicente I like you. I don’t like Trump but I wanna remind you how you were bashing… https://t.co/YDwAnNkuOf,0.0
"@rocionahle @lopezobrador_ Le corresponde al Ministerio Público investigar y punto, por  estrategia postergar es pe… https://t.co/3U44byaf3H","@rocionahle @lopezobrador_ It is up to the Public Prosecutor's Office to investigate and point, for postponing strategy is pe ... https://t.co/3U44byaf3H",0.0
"Si
Acepta a todos, menos a Anaya o a Meade.","Yes
Accept everyone, except Anaya or Meade.",0.0
RT @OvejaElectrica_: Lo guardamos y me cago en tu tuit. 😂😂😂😂 https://t.co/ZlShURkAuq,"Yes
Accept everyone, except Anaya or Meade.",0.0
"RT @isagrol: @DefiendoMiiVoto @armando_ds @lopezobrador_ @jorgeramosnews 
Ya tuviste cierto impacto nocivo pero en fin ...es lo que buscaba…","RT @isagrol: @DefiendoMiiVoto @armando_ds @lopezobrador_ @jorgeramosnews
You already had some harmful impact but anyway ... that's what I was looking for ...",0.0
"RT @ferbelaunzaran: ¿De dónde saca @lopezobrador_ que es obligación del Estado laico procurar el “bienestar del alma”?

Tiene 30 millones d…","RT @ferbelaunzaran: Where does @lopezobrador_ come from? What is the obligation of the secular State to seek the ""welfare of the soul""?

It has 30 million d ...",0.0
@lopezobrador_ @VicenteFoxQue,@lopezobrador_ @VicenteFoxQue,0.0
@aldemok @isagrol @AlfredoJalifeR_ @lopezobrador_  https://t.co/Cih1eEMhGR,@aldemok @isagrol @AlfredoJalifeR_ @lopezobrador_ https://t.co/Cih1eEMhGR,0.0
"RT @PabloHiriart: Se me ocurre preguntar si el derrotado fuera @lopezobrador_ y el triunfador @JoseAMeadeK , habría ido el perdedor a salud…","RT @PabloHiriart: It occurs to me to ask if the defeated were @lopezobrador_ and the winner @JoseAMeadeK, the loser would have gone to health ...",0.0
"RT @epigmenioibarra: Yo tengo Presidente no Tlatoani
No exijo a @lopezobrador_ sacrificios humanos para legitimarse.
Los quinazos, meter a…","RT @epigmenioibarra: I have President not Tlatoani
I do not demand @lopezobrador_ human sacrifices to legitimize.
Los quinazos, tuck ...",0.0
RT @vampipe: Mensaje grabado desde el sótano de @lopezobrador_. https://t.co/hwmKO2FtYP,RT @vampipe: Message recorded from the basement of @lopezobrador_. https://t.co/hwmKO2FtYP,0.0
RT @Stefano17833040: @aldemok @isagrol @AlfredoJalifeR_ @lopezobrador_  https://t.co/Cih1eEMhGR,RT @Stefano17833040: @aldemok @isagrol @AlfredoJalifeR_ @lopezobrador_  https://t.co/Cih1eEMhGR,0.0
"RT @lopezobrador_: Continuamos con el trabajo de campo para iniciar, desde el 1 de diciembre, el programa de siembra de un millón de hectár…","RT @lopezobrador_: We continue with the field work to start, from December 1, the sowing program of one million hectares ...",0.0
@vampipe @lopezobrador_ exquisito...,@vampipe @lopezobrador_ exquisito ...,0.0
RT @Nacion321: Conoce a @Blanca_IHP la ingeniera ambiental y perito del Colegio de Ingenieros Ambientales que será la titular de @conagua_m…,RT @ Nacion321: Meet @Blanca_IHP the environmental engineer and expert of the College of Environmental Engineers who will be the owner of @ conagua_m ...,0.0
"@tatclouthier @TigreCharr0 @lopezobrador_ @m_ebrard @martibatres @Claudiashein Aguas con el canto de las sirenas tatiana ,son perversos .","@tatclouthier @ TigreCharr0 @lopezobrador_ @m_ebrard @martibatres @Claudiashein Waters with the song of the tatiana sirens, they are perverse.",0.0
RT GerardoAbudS: Alejandro Murat on Twitter https://t.co/uq0FgdrfkN,RT GerardoAbudS: Alejandro Murat on Twitter https://t.co/uq0FgdrfkN,0.0
RT @aldemok: Tal y como lo dijo el entrevista pasada el maester de Master @AlfredoJalifeR_ México no tiene banca no tiene ejército no tenem…,RT @aldemok: As it was said in the interview last Master's Master @ AlfredoJalifeR_ Mexico does not have a bank does not have an army ...,0.0
"RT @lopezobrador_: Continuamos con el trabajo de campo para iniciar, desde el 1 de diciembre, el programa de siembra de un millón de hectár…","RT @lopezobrador_: We continue with the field work to start, from December 1, the sowing program of one million hectares ...",0.0
"RT @PabloHiriart: Se me ocurre preguntar si el derrotado fuera @lopezobrador_ y el triunfador @JoseAMeadeK , habría ido el perdedor a salud…","RT @PabloHiriart: It occurs to me to ask if the defeated were @lopezobrador_ and the winner @JoseAMeadeK, the loser would have gone to health ...",0.0
"RT @MarianaDiazLuna: Se me ocurre preguntar si tú en lugar de venderte como un disque ""periodista"" hubieras sido... lo que eres, un Don nad…","RT @MarianaDiazLuna: It occurs to me to ask if instead of selling you as a ""journalist"" disc you would have been ... what you are, a Don nad ...",0.0
"RT @jgnaredo: Dice @jorgeramosnews que @lopezobrador_ comienza a “traicionar” a sus votantes por haber nombrado a Bartlett en la CFE.

Duda…","RT @jgnaredo: @jorgeramosnews says that @lopezobrador_ begins to ""betray"" its voters for having named Bartlett in the CFE.

Doubt…",0.0
RT @FGeopolitico: Se concreta lo dicho hace un mes por el Dr @AlfredoJalifeR_? Un acercamiento el día de hoy entre @LopezObrador_  y @JoseA…,RT @FGeopolitico: What has been said a month ago by Dr @AlfredoJalifeR_? An approach today between @LopezObrador_ and @ JoseA ...,0.0
"Ojo, esa modalidad de ataque con drones al presidente venezolano nos deja tarea en México, Urge planteamiento al re… https://t.co/QPCNDG1FZO","Eye, that modality of attack with drones to the Venezuelan president leaves us homework in Mexico, Urge approach to the re ... https://t.co/QPCNDG1FZO",0.0
"RT @PabloHiriart: Se me ocurre preguntar si el derrotado fuera @lopezobrador_ y el triunfador @JoseAMeadeK , habría ido el perdedor a salud…","RT @PabloHiriart: It occurs to me to ask if the defeated were @lopezobrador_ and the winner @JoseAMeadeK, the loser would have gone to health ...",0.0
@lopezobrador_  https://t.co/R7K0oib7pC,@lopezobrador_ https://t.co/R7K0oib7pC,0.0
RT @carmitamocas: @jgnaredo @jorgeramosnews @lopezobrador_ Yo soy una de los 30 millones de mexicanos que votamos por AMLO y @jorgeramosnew…,RT @carmitamocas: @jgnaredo @jorgeramosnews @lopezobrador_ I am one of the 30 million Mexicans who voted for AMLO and @ jorgeramosnew ...,0.0
"RT @lopezobrador_: Continuamos con el trabajo de campo para iniciar, desde el 1 de diciembre, el programa de siembra de un millón de hectár…","RT @lopezobrador_: We continue with the field work to start, from December 1, the sowing program of one million hectares ...",0.0
"RT @lrincon110951: Al paso que vamos, dentro de poco tiempo veremos una reunión entre el presidente virtual @lopezobrador_ y el líder de la…","RT @ lrincon110951: As we go, in a short time we will see a meeting between the virtual president @lopezobrador_ and the leader of the ...",0.0
"RT @miqegalva: Ah raza, las señales estaban antes de que ganará y se hicieron pendejos, ahora no andén chillando hdspm https://t.co/LgJrTIa…","RT @miqegalva: Oh race, the signs were before he won and became assholes, now he is not screaming hdspm https://t.co/LgJrTIa...",0.0
"Pues ya, q esperan? Q llegue navidad para envolverle las rejas como regalo! 
@romerodeschamps @omarfayad… https://t.co/Pmai9PC8JW","Well, what do you expect? Q arrive Christmas to wrap the bars as a gift!
@romerodeschamps @ omarfayad ... https://t.co/Pmai9PC8JW",0.0
"Se me ocurre preguntar si el derrotado fuera lopezobrador_ y el triunfador JoseAMeadeK , habría ido el perdedor a s… https://t.co/L3SvZ3MaRo","It occurs to me to ask if the defeated were lopezobrador_ and the winner JoseAMeadeK, would have gone the loser to s ... https://t.co/L3SvZ3MaRo",0.0
"No procesar a Romero Dechams, Moreiras , FHerrera, Duartes, Lozoya, Estafa Maestra, Odebretch, Ruiz Esparza, EPN ,… https://t.co/zFrNTnAgSD","Do not prosecute Romero Dechams, Moreiras, FHerrera, Duartes, Lozoya, Master Scam, Odebrecht, Ruiz Esparza, EPN, ... https://t.co/zFrNTnAgSD",0.0
"Se me ocurre preguntar si el derrotado fuera lopezobrador_ y el triunfador JoseAMeadeK , habría ido el perdedor a s… https://t.co/d7P1SAPDnV","It occurs to me to ask if the defeated were lopezobrador_ and the winner JoseAMeadeK, the loser would have gone to s ... https://t.co/d7P1SAPDnV",0.0
"RT @revistapolemon: ¿Ya conoces los dos grandes proyectos que prepara @LopezObrador_ para iniciar con todo su Presidencia?

Acá te contamos…","RT @revistapolemon: Do you already know the two big projects that @LopezObrador_ prepares to start with your entire Presidency?

Here we tell you ...",0.0
RT @LaydaSansores: “Hay que poner orden en el sector energético” -dice @lopezobrador_ al defender el nombramiento de @ManuelBartlett.- “Hoy…,"RT @LaydaSansores: ""We must put order in the energy sector"" -says @lopezobrador_ when defending the appointment of @ ManuelBartlett.- ""Today ...",0.0
RT @lopezdoriga: Ahora resulta... Y me acusas hasta con el sismológico 😂😂😂😂 ¡Wey! https://t.co/Co53D29Ssv,"RT @LaydaSansores: ""We must put order in the energy sector"" -says @lopezobrador_ when defending the appointment of @ ManuelBartlett.- ""Today ...",0.0
"RT @epigmenioibarra: Yo tengo Presidente no Tlatoani
No exijo a @lopezobrador_ sacrificios humanos para legitimarse.
Los quinazos, meter a…","RT @epigmenioibarra: I have President not Tlatoani
I do not demand @lopezobrador_ human sacrifices to legitimize.
Los quinazos, tuck ...",0.0
"RT @revistapolemon: ¿Ya conoces los dos grandes proyectos que prepara @LopezObrador_ para iniciar con todo su Presidencia?

Acá te contamos…","RT @revistapolemon: Do you already know the two big projects that @LopezObrador_ prepares to start with your entire Presidency?

Here we tell you ...",0.0
"@epigmenioibarra @lopezobrador_ Pongo de ej. el infonavit para quitar casas los demanda un despacho de cobranza, lo… https://t.co/iFWRldIETo","@epigmenioibarra @lopezobrador_ I put ex. the infonavit to remove houses are demanded by a collection office, what ... https://t.co/iFWRldIETo",0.0
"@lopezobrador_ Presidente 
@nytimes @sabinaberman @Navarretecarlos @gracoramirez @yeidckol @kdartigues… https://t.co/IP4MBpDP8z","@lopezobrador_ President
@nytimes @sabinaberman @Navarretecarlos @gracoramirez @yeidckol @ kdartigues ... https://t.co/IP4MBpDP8z",0.0
"RT @mariocampos: Por eso no hay que perder amigos y familiares en las campañas. Lo dijimos, al final los políticos se ponen de acuerdo. htt…","RT @mariocampos: That's why you should not lose friends and family in campaigns. We said it, in the end the politicians agree. htt ...",0.0
"RT @BlancaB21456016: @lopezobrador_ Hoy estuvimos mi hermano Arturo Barrios y mis amigos; Gaby pinto,José Alberto, Ernesto y Consuegra; afu…","RT @ BlancaB21456016: @lopezobrador_ Today we were my brother Arturo Barrios and my friends; Gaby pinto, José Alberto, Ernesto and Consuegra; afu ...",0.0
"RT @jgnaredo: Dice @jorgeramosnews que @lopezobrador_ comienza a “traicionar” a sus votantes por haber nombrado a Bartlett en la CFE.

Duda…","RT @jgnaredo: @jorgeramosnews says that @lopezobrador_ begins to ""betray"" its voters for having named Bartlett in the CFE.

Doubt…",0.0
"RT @lopezobrador_: Continuamos con el trabajo de campo para iniciar, desde el 1 de diciembre, el programa de siembra de un millón de hectár…","RT @lopezobrador_: We continue with the field work to start, from December 1, the sowing program of one million hectares ...",0.0
"RT @rubengluengas: #VIDEO Al carecer México de banca nacional, @AlfredoJalifeR_ afirma sería necesario para gobierno de @lopezobrador_ tene…","RT @rubengluengas: #VIDEO Since Mexico lacks national banking, @AlfredoJalifeR_ would be necessary for the government of @lopezobrador_ tene ...",0.0
"RT @lopezobrador_: Continuamos con el trabajo de campo para iniciar, desde el 1 de diciembre, el programa de siembra de un millón de hectár…","RT @lopezobrador_: We continue with the field work to start, from December 1, the sowing program of one million hectares ...",0.0
"RT @NachoRgz: Bartlett está con @lopezobrador_ desde hace AÑOS, incluso antes que fundara MORENA. Así que decir que AMLO ""traicionó"" a sus…","RT @NachoRgz: Bartlett is with @lopezobrador_ for YEARS, even before he founded MORENA. So to say that AMLO ""betrayed"" his ...",0.0
"RT @ANDROMACO64: Andrés Manuel. Vengo a que me pagues los departamentos que te gané en el debate. 

Mira Pepe Meade. Ejoj departamentoj no…","RT @ ANDROMACO64: Andrés Manuel. I come to you to pay me the departments that I won you in the debate.

Look Pepe Meade. Ejoj departmentj no ...",0.0
"RT @epigmenioibarra: Yo tengo Presidente no Tlatoani
No exijo a @lopezobrador_ sacrificios humanos para legitimarse.
Los quinazos, meter a…","RT @epigmenioibarra: I have President not Tlatoani
I do not demand @lopezobrador_ human sacrifices to legitimize.
Los quinazos, tuck ...",0.0
Viajará lopezobrador_ a Chiapas este sábado para analizar tema agropecuario https://t.co/ZNgEKSOv4u https://t.co/wjIkU41KRt,It will travel lopezobrador_ to Chiapas this Saturday to analyze agricultural issue https://t.co/ZNgEKSOv4u https://t.co/wjIkU41KRt,0.0
"RT @jgnaredo: Dice @jorgeramosnews que @lopezobrador_ comienza a “traicionar” a sus votantes por haber nombrado a Bartlett en la CFE.

Duda…","RT @jgnaredo: @jorgeramosnews says that @lopezobrador_ begins to ""betray"" its voters for having named Bartlett in the CFE.

Doubt…",0.0
"RT @FGeopolitico: @lopezdoriga Ya ""ENCONTRASTE"" a Frida Sofia?

Ccp @AlfredoJalifer_ @julioastillero @fernandeznorona @rubengluengas. @lope…","RT @FGeopolitico: @lopezdoriga Already ""ENCONTRASTE"" to Frida Sofia?

Ccp @AlfredoJalifer_ @julioastillero @fernandeznorona @rubengluengas. @ lope ...",0.0
"RT @lopezobrador_: El 1 de julio por la noche me habló por teléfono para reconocer nuestro triunfo, José Antonio Meade. En ese entonces, le…","RT @lopezobrador_: On July 1, at night, he spoke to me on the phone to recognize our victory, José Antonio Meade. At that time, you ...",0.0
"RT @Nacion321: #FelizSábado Estos son los memes que nos dejó el desayuno de @lopezobrador_ y @JoseAMeadeK
https://t.co/RgK5B4PG1j https://t…","RT @ Nacion321: # HappySaturday These are the memes that left us the breakfast of @lopezobrador_ and @JoseAMeadeK
https://t.co/RgK5B4PG1j https: // t ...",0.0
MC se unirá contra la reforma energética,MC will join against the energy reform,0.0
"RT @lopezobrador_: Continuamos con el trabajo de campo para iniciar, desde el 1 de diciembre, el programa de siembra de un millón de hectár…","RT @lopezobrador_: We continue with the field work to start, from December 1, the sowing program of one million hectares ...",0.0
@YouleeGuzman @lopezobrador_ ¿Diferencia? Esa empresa es del futuro coordinador de la oficina del presidente. No le disimulan ni tantito.,@YouleeGuzman @lopezobrador_ Difference? That company is the future coordinator of the president's office. They do not hide him or anything.,0.0
"RT @TamaulipasI: #VIDEO Al carecer México de banca nacional, @AlfredoJalifeR_ afirma sería necesario para gobierno de @lopezobrador_ tener…","RT @TamaulipasI: #VIDEO Since Mexico lacks national banking, @AlfredoJalifeR_ would be necessary for the government of @lopezobrador_ to have ...",0.0
"RT @buchinichi: @AlexMoreiraR @PabloHiriart @lopezobrador_ @JoseAMeadeK Hablaron de bajar la publicidad
no de suspenderla...

No permitamos…","RT @buchinichi: @AlexMoreiraR @PabloHiriart @lopezobrador_ @JoseAMeadeK They talked about downloading advertising
not to suspend it ...

Do not let ...",0.0
"RT @lopezobrador_: Continuamos con el trabajo de campo para iniciar, desde el 1 de diciembre, el programa de siembra de un millón de hectár…","RT @lopezobrador_: We continue with the field work to start, from December 1, the sowing program of one million hectares ...",0.0
RT @nellycarrasconr: El plan de Austeridad Republicana que propone el presidente electo Andrés Manuel @lopezobrador_ es un acto de justicia…,"RT @lopezobrador_: We continue with the field work to start, from December 1, the sowing program of one million hectares ...",0.0
Elección de  ⁦@lopezobrador_⁩  en México tendrá impacto en el mundo: ⁦@JohnMAckerman⁩  https://t.co/umY6bRmb2m,Choice of @lopezobrador_ in Mexico will have an impact on the world: @JohnMAckerman https://t.co/umY6bRmb2m,0.0
RT @vampipe: Mensaje grabado desde el sótano de @lopezobrador_. https://t.co/hwmKO2FtYP,RT @vampipe: Message recorded from the basement of @lopezobrador_. https://t.co/hwmKO2FtYP,0.0
"En resumen,ardillita sin bellota sobese la cola.
Al chile  su ya desgastado argumento: No le mamas la verga… https://t.co/Qq9fG4tn2x","In short, squirrel without acorn over the tail.
To the chile its already worn argument: Do not suck the cock ... https://t.co/Qq9fG4tn2x",0.0
"RT @lopezobrador_: Continuamos con el trabajo de campo para iniciar, desde el 1 de diciembre, el programa de siembra de un millón de hectár…","RT @lopezobrador_: We continue with the field work to start, from December 1, the sowing program of one million hectares ...",0.0
@BigosRocker,@BigosRocker,0.0
RT @RodrigoGuillot: @AlfredoJalifeR_ @LVidegaray @EPN También se está tardando @lopezobrador_ en condenar el atentado contra la vida de @Ni…,RT @RodrigoGuillot: @AlfredoJalifeR_ @LVidegaray @EPN It is also taking @lopezobrador_ to condemn the attack against the life of @ Ni ...,0.0
"@GabrielRafaelMM @gab_cab @logof781 @jgnaredo @LeonKrauze @lopezobrador_ MÉXICO ÉS INDÍGENA. MÉXICO es MEXICA, MESC… https://t.co/NCG1CO93gp","@GabrielRafaelMM @gab_cab @ logof781 @jgnaredo @LeonKrauze @lopezobrador_ MEXICO IS INDIGENOUS. MEXICO is MEXICA, MESC ... https://t.co/NCG1CO93gp",0.0
"RT @edinakisa: Ojo, esa modalidad de ataque con drones al presidente venezolano nos deja tarea en México, Urge planteamiento al respecto en…","RT @edinakisa: Ojo, that modality of drone attack on the Venezuelan president leaves us with a job in Mexico, an urgent need for this in ...",0.0
@lopezobrador_  https://t.co/eZ5VAemr4D,@lopezobrador_ https://t.co/eZ5VAemr4D,0.0
"RT @HectorAtarrabia: El pendejo histórico es el que gusta de que sus pendejadas queden registradas para la Historia...
😂😂😂😂😂😂😂😂😂😂😂 https://…",@lopezobrador_ https://t.co/eZ5VAemr4D,0.0
"RT @jgnaredo: Dice @jorgeramosnews que @lopezobrador_ comienza a “traicionar” a sus votantes por haber nombrado a Bartlett en la CFE.

Duda…","RT @jgnaredo: @jorgeramosnews says that @lopezobrador_ begins to ""betray"" its voters for having named Bartlett in the CFE.

Doubt…",0.0
"RT @epigmenioibarra: Yo tengo Presidente no Tlatoani
No exijo a @lopezobrador_ sacrificios humanos para legitimarse.
Los quinazos, meter a…","RT @epigmenioibarra: I have President not Tlatoani
I do not demand @lopezobrador_ human sacrifices to legitimize.
Los quinazos, tuck ...",0.0
RT @belavasi: @dvdrmz @DRFRANCISCORAMI @lopezobrador_  https://t.co/TzF8bREePv,R @ @@@@@@@@@@@@@@@@@@@@@@@@@@@@@@@@@@@@@@@@@@@@@@@@@@.,0.0
"RT @PabloHiriart: Se me ocurre preguntar si el derrotado fuera @lopezobrador_ y el triunfador @JoseAMeadeK , habría ido el perdedor a salud…","RT @PabloHiriart: It occurs to me to ask if the defeated were @lopezobrador_ and the winner @JoseAMeadeK, the loser would have gone to health ...",0.0
"RT @revistapolemon: Con @LopezObrador_ en la Presidencia, el lujoso lugar donde actualmente vive @EPN, será convertido en centro cultural.…","RT @revistapolemon: With @LopezObrador_ in the Presidency, the luxurious place where @EPN currently lives will be converted into a cultural center ...",0.0
RT @OMEGATHEANTI: Yo tampoco estoy de acuerdo en que @lopezobrador_ nuestro presidente electo ahora esté diciendo que @JoseAMeadeK es “una…,"RT @OMEGATHEANTI: I do not agree either that @lopezobrador_ our president-elect is now saying that @JoseAMeadeK is ""a ...",0.0
"@AnalistaMxx @lopezdoriga @AlfredoJalifeR_ @julioastillero @fernandeznorona @rubengluengas @lopezobrador_ Es su estilo, Twittear P...","@AnalistaMxx @lopezdoriga @AlfredoJalifeR_ @julioastillero @fernandeznorona @rubengluengas @lopezobrador_ It's your style, Tweet P ...",0.0
RT @ELARQUlTECTO: Cuando @RicardoAnayaC vio a @lopezobrador_ con mi @JoseAMeadeK mi divo de thundera 🤣:  https://t.co/oK08rkHs5L,"@AnalistaMxx @lopezdoriga @AlfredoJalifeR_ @julioastillero @fernandeznorona @rubengluengas @lopezobrador_ It's your style, Tweet P ...",0.0
@PabloHiriart @lopezobrador_ @JoseAMeadeK La suposición de @PabloHiriart solamente tiene lógica si Meade hubiera he… https://t.co/aqYSXUFna1,@PabloHiriart @lopezobrador_ @JoseAMeadeK The assumption of @PabloHiriart only makes sense if Meade had ... https://t.co/aqYSXUFna1,0.0
#MásLeído Esta semana @v_trraverr escribe sobre la oportunidad que tiene @lopezobrador_ para designar ministros en… https://t.co/MSKcaaNcyE,# MásLeído This week @v_trraverr writes about the opportunity that @lopezobrador_ has to designate ministers in ... https://t.co/MSKcaaNcyE,0.0
"RT @epigmenioibarra: Yo tengo Presidente no Tlatoani
No exijo a @lopezobrador_ sacrificios humanos para legitimarse.
Los quinazos, meter a…","RT @epigmenioibarra: I have President not Tlatoani
I do not demand @lopezobrador_ human sacrifices to legitimize.
Los quinazos, tuck ...",0.0
"RT @moushes: #Mexico es pro vida como #ArgentinaEsProvida, escuchen bien @lopezobrador_ y @M_OlgaSCordero, defenderemos la vida desde la co…","RT @moushes: #Mexico is pro-life like #ArgentinaEsProvida, listen well @lopezobrador_ and @M_OlgaSCordero, we will defend life from the co ...",0.0
"RT @MarianaDiazLuna: Se me ocurre preguntar si tú en lugar de venderte como un disque ""periodista"" hubieras sido... lo que eres, un Don nad…","RT @MarianaDiazLuna: It occurs to me to ask if instead of selling you as a ""journalist"" disc you would have been ... what you are, a Don nad ...",0.0
@economista_vega @Monicucha @PabloHiriart @lopezobrador_ @JoseAMeadeK De hecho ya lo reconocieron ¿O no es por eso… https://t.co/9JGUquVsWc,@economista_vega @Monucha @PabloHiriart @lopezobrador_ @JoseAMeadeK In fact they already recognized it Or is not that why ... https://t.co/9JGUquVsWc,0.0
@mamichelita @jimmytoon @lukika7 @monerohernandez @gallardo33 @INEMexico @lopezobrador_ Ya 100tc cñora,@mamichelita @jimmytoon @ lukika7 @monerohernandez @ gallardo33 @INEMexico @lopezobrador_ Ya 100tc cñora,0.0
"@lopezobrador_ Sr. López Obrador, voté por ud y me siento traicionado con el nombramiento de Barlett en C F E, a na… https://t.co/FfwusnMNLr","@lopezobrador_ Mr. López Obrador, I voted for you and I feel betrayed with the appointment of Barlett in C F E, a na ... https://t.co/FfwusnMNLr",0.0
"RT @QuesaVerdades: Me acaban de mandar un mensaje a la página de facebook diciendo que el proyecto de crear 400,000 empleos en la siembra d…","RT @QuesaVerdades: I just sent a message to the facebook page saying that the project to create 400,000 jobs in the sowing of ...",0.0
"RT @ArielMR24: @epigmenioibarra @lopezobrador_ Sabemos que López Obrador no acabará con la corrupción, después de que el #PRIAN destrozo al…","RT @ ArielMR24: @epigmenioibarra @lopezobrador_ We know that López Obrador will not end corruption, after #PRIAN destroyed the ...",0.0
Esteban Moctezuma quien fue secretario de gobernación en el gobierno de Ernesto Zedillo apunta para Estar en el gab… https://t.co/xf2ThUho54,Esteban Moctezuma who was secretary of government in the government of Ernesto Zedillo aims to be in the gab ... https://t.co/xf2ThUho54,0.0
"@BeatrizGMuller @lopezobrador_ @EPN ya hagan algo para ayudar a los animales, son seres VIVOS, por favor https://t.co/CticuNyKBD","@BeatrizGMuller @lopezobrador_ @EPN already do something to help the animals, they are living beings, please https://t.co/CticuNyKBD",0.0
"RT @lopezobrador_: El 1 de julio por la noche me habló por teléfono para reconocer nuestro triunfo, José Antonio Meade. En ese entonces, le…","RT @lopezobrador_: On July 1, at night, he spoke to me on the phone to recognize our victory, José Antonio Meade. At that time, you ...",0.0
"RT @lopezobrador_: Continuamos con el trabajo de campo para iniciar, desde el 1 de diciembre, el programa de siembra de un millón de hectár…","RT @lopezobrador_: We continue with the field work to start, from December 1, the sowing program of one million hectares ...",0.0
@QuesaVerdades @lopezobrador_ Aaaaa chinga plantar un arbol es delito? Nos podrias compartir el fundamento que dan… https://t.co/gnmDlaMILy,@QuesaVerdades @lopezobrador_ Aaaaa chinga plant a tree is a crime? We could share the foundation that they give ... https://t.co/gnmDlaMILy,0.0
@lopezobrador_ https://t.co/KMoJOzseJe,@lopezobrador_ https://t.co/KMoJOzseJe,0.0
RT @Pipe_cm: @umbaldi @lopezobrador_ Y que opinas de esto chiaro? https://t.co/kbPHvuFjAC,RT @Pipe_cm: @umbaldi @lopezobrador_ And what do you think about this chiaro? https://t.co/kbPHvuFjAC,0.0
"@SinEmbargoMX En esto si estoy de acuerdo con @lopezobrador_ Reforma Energética es un negocio entre particulares, e… https://t.co/qJZmSwIWRG","@ SinEmbargoMX In this if I agree with @lopezobrador_ Energy Reform is a business between individuals, e ... https://t.co/qJZmSwIWRG",0.0
RT @rayleon1515: @jormaba66 @Roberto_3_3_3 @fernandeznorona @Losmariachis01 @NicolasMaduro @lopezobrador_ #EEUU el mayor exportador de arma…,RT @ rayleon1515: @ jormaba66 @ Roberto_3_3_3 @fernandeznorona @ Losmariachis01 @NicolasMaduro @lopezobrador_ #EEUU the largest exporter of weapon ...,0.0
Hartan con éstas pendejadas!,They stink with these bullshit!,0.0
"Yo con AMLO hasta el infinito y más allá! Y a los q no les guste lo q Èl haga, quitense a un lado y dejenlo trabaja… https://t.co/g95cHQDmrv","I with AMLO to infinity and beyond! And to those who do not like what he does, take off to one side and let him work ... https://t.co/g95cHQDmrv",0.0
@lopezobrador_ Pinche Viejo Cínico https://t.co/FdcqFh6B4m,@lopezobrador_ Pinche Viejo Cínico https://t.co/FdcqFh6B4m,0.0
RT @ferbelaunzaran: Pronto veremos si el TEPJF se dobla por las presiones de @lopezobrador_ o se aplica la ley y sancionan a Morena por el…,RT @ferbelaunzaran: Soon we will see if the TEPJF is doubled by the pressures of @lopezobrador_ or the law is applied and they penalize Morena for the ...,0.0
@lopezobrador_ Sería lamentable y además un acto de corrupción que una empresa que será proveedora del gobierno sea… https://t.co/mPw2kRTO15,@lopezobrador_ It would be regrettable and also an act of corruption that a company that will be government provider will be ... https://t.co/mPw2kRTO15,0.0
@rocionahle @lopezobrador_ Sólo hay que decirles .. No empiecen a tapar el sol con el dedo.. Porque jamás votaremos… https://t.co/dgUtqIgG8g,@rocionahle @lopezobrador_ You just have to tell them .. Do not start covering the sun with your finger .. Because we will never vote ... https://t.co/dgUtqIgG8g,0.0
"@rmartinez2209 @lopezobrador_ Lo recuerdo bien, gracias por la tarea de documentar y traerlo a la memoria tal cual fué.","@ rmartinez2209 @lopezobrador_ I remember it well, thank you for the task of documenting and bringing it to memory as it was.",0.0
"RT @RicardoAlemanMx: .@ManuelBartlett, el “elegido” de @lopezobrador_ que amenazó a Julio Scherer García https://t.co/hDr2nquYyN https://t.…","RT @RicardoAlemanMx:. @ ManuelBartlett, the ""elected"" of @lopezobrador_ who threatened Julio Scherer García https://t.co/hDr2nquYyN https: //t.",0.0
RT @aldemok: Tal y como lo dijo el entrevista pasada el maester de Master @AlfredoJalifeR_ México no tiene banca no tiene ejército no tenem…,RT @aldemok: As it was said in the interview last Master's Master @ AlfredoJalifeR_ Mexico does not have a bank does not have an army ...,0.0
@Pipe_cm @ProfeGaby1961 @umbaldi @lopezobrador_ Creo que salimos de Guatemala y entramos a Guatepeor con Barlett,@Pipe_cm @ ProfeGaby1961 @umbaldi @lopezobrador_ I think we left Guatemala and entered Guatepeor with Barlett,0.0
@Gerardo07830448 @JaviFunts @lopezobrador_ Si es de Romo,@ Gerardo07830448 @JaviFunts @lopezobrador_ If it's from Romo,0.0
"RT @revistapolemon: ¿Ya conoces los dos grandes proyectos que prepara @LopezObrador_ para iniciar con todo su Presidencia?

Acá te contamos…","RT @revistapolemon: Do you already know the two big projects that @LopezObrador_ prepares to start with your entire Presidency?

Here we tell you ...",0.0
"RT @PolibiodArcadia: Había dicho que estaba contra el compadrazgo, el conflicto de interés y Agromod es una de las empresas del que sera su…","RT @PolibiodArcadia: I had said that I was against compadrazgo, the conflict of interest and Agromod is one of the companies of which it will be ...",0.0
"@lopezobrador_ a ti no se vaya a ocurrir una escenita como la de tu cuate @NicolasMaduro, porfi, gracias.","@lopezobrador_ you will not happen a scene like your friend @NicolasMaduro, porfi, thank you.",0.0
"RT @lopezobrador_: Continuamos con el trabajo de campo para iniciar, desde el 1 de diciembre, el programa de siembra de un millón de hectár…","RT @lopezobrador_: We continue with the field work to start, from December 1, the sowing program of one million hectares ...",0.0
"RT @aldemok: https://t.co/HxtScAPPVz 
como lo dijo el entrevista pasada el maester de Master @AlfredoJalifeR_ MXno tiene banca no tiene ejé…","RT @aldemok: https://t.co/HxtScAPPVz
As the interview last passed the Master's Master @ AlfredoJalifeR_ MX does not have a bank does not have an ...",0.0
"RT @lopezobrador_: El 1 de julio por la noche me habló por teléfono para reconocer nuestro triunfo, José Antonio Meade. En ese entonces, le…","RT @lopezobrador_: On July 1, at night, he spoke to me on the phone to recognize our victory, José Antonio Meade. At that time, you ...",0.0
RT @El_Universal_Mx: Andrés Manuel @lopezobrador_  continúa con su proyecto de sembrar un millón de hectáreas de árboles maderables y fruta…,RT @El_Universal_Mx: Andrés Manuel @lopezobrador_ continues with his project to plant one million hectares of timber trees and fruit ...,0.0
RT @EnriqueBedolla: Aquí podemos ver a @JoseAMeadeK el PADRE de los gasolinazos con @lopezobrador_ el HIJO de la chingada https://t.co/cmjd…,RT @EnriqueBedolla: Here we can see @JoseAMeadeK the FATHER of the gasolinazos with @lopezobrador_ el SON de la chingada https://t.co/cmjd...,0.0
@R3in4DL05L4G4rt @Luis_C_8137 @Gatover56190405 @usa @lopezobrador_ @tatclouthier @AlfredoJalifeR_ @TorrucoTurismo… https://t.co/VKkTZFlEAr,@R3in4DL05L4G4rt @Luis_C_8137 @Gatover56190405 @usa @lopezobrador_ @tatclouthier @AlfredoJalifeR_ @TorrucoTurismo… https://t.co/VKkTZFlEAr,0.0
"RT @jgnaredo: Dice @jorgeramosnews que @lopezobrador_ comienza a “traicionar” a sus votantes por haber nombrado a Bartlett en la CFE.

Duda…","RT @jgnaredo: @jorgeramosnews says that @lopezobrador_ begins to ""betray"" its voters for having named Bartlett in the CFE.

Doubt…",0.0
"@lopezobrador_ Presidente 
Cambia de wey 
@JoseAMeadeK @aesquinca 

JUDAS TRAICIONA A MANCERA 
@ManceraMiguelMX… https://t.co/ajEGJ8Waba","@lopezobrador_ President
Change of wey
@JoseAMeadeK @aesquinca

JUDAS BETRAYS MANCERA
@ ManceraMiguelMX ... https://t.co/ajEGJ8Waba",0.0
RT @R3in4DL05L4G4rt: @Gatover56190405 @Luis_C_8137 @usa @lopezobrador_ @tatclouthier @AlfredoJalifeR_ @TorrucoTurismo @M_OlgaSCordero Cuand…,RT @ R3in4DL05L4G4rt: @ Gatover56190405 @ Luis_C_8137 @usa @lopezobrador_ @tatclouthier @AlfredoJalifeR_ @TorrucoTurismo @M_OlgaSCordero Cuand ...,0.0
RT @soyelciudadano2: Ya podemos sacar el tuit de donde estaba guardado? https://t.co/ADOyIsI9nt,RT @ soyelciudadano2: Can we already get the tweet from where it was saved? https://t.co/ADOyIsI9nt,0.0
"RT @rocioss: ¿Quién es @jorgeramosnews , es de Atlanta? https://t.co/3p0hKjMFUJ","RT @rocioss: Who is @jorgeramosnews, is it from Atlanta? https://t.co/3p0hKjMFUJ",0.0
"RT @lopezobrador_: Continuamos con el trabajo de campo para iniciar, desde el 1 de diciembre, el programa de siembra de un millón de hectár…","RT @lopezobrador_: We continue with the field work to start, from December 1, the sowing program of one million hectares ...",0.0
"RT @ANDROMACO64: Andrés Manuel. Vengo a que me pagues los departamentos que te gané en el debate. 

Mira Pepe Meade. Ejoj departamentoj no…","RT @ ANDROMACO64: Andrés Manuel. I come to you to pay me the departments that I won you in the debate.

Look Pepe Meade. Ejoj departmentj no ...",0.0
"RT @lopezobrador_: Continuamos con el trabajo de campo para iniciar, desde el 1 de diciembre, el programa de siembra de un millón de hectár…","RT @lopezobrador_: We continue with the field work to start, from December 1, the sowing program of one million hectares ...",0.0
@yeidckol @lopezobrador_ En este vídeo de youteber anonimous explica cómo nos quieren lavar el cerebro estos empres… https://t.co/dkYVFKEqLf,@yeidckol @lopezobrador_ In this video of youteber anonimous explains how we want to brainwash these companies ... https://t.co/dkYVFKEqLf,0.0
RT @alejandrokent: @ferbelaunzaran @lopezobrador_  https://t.co/jPHFNOkRrt,RT @alejandrokent: @ferbelaunzaran @lopezobrador_  https://t.co/jPHFNOkRrt,0.0
"RT @ferbelaunzaran: ¿De dónde saca @lopezobrador_ que es obligación del Estado laico procurar el “bienestar del alma”?

Tiene 30 millones d…","RT @ferbelaunzaran: Where does @lopezobrador_ come from? What is the obligation of the secular State to seek the ""welfare of the soul""?

It has 30 million d ...",0.0
RT @olis_67: @yeidckol @lopezobrador_ En este vídeo de youteber anonimous explica cómo nos quieren lavar el cerebro estos empresarios que n…,RT @ olis_67: @yeidckol @lopezobrador_ In this YouTube video anonymous explains how we want to brainwash these entrepreneurs who n ...,0.0
"RT @luispazos1: Solo 2expresidentes reciben pensión, los demás  renunciaron a ella o la donan, el problema de las pensiones abusivas, q des…","RT @ luispazos1: Only 2expresidents receive a pension, the others renounced it or donated it, the problem of abusive pensions, that des ...",0.0
"RT @RicardoMonrealA: Es un hecho: en la siguiente administración rescataremos nuestro campo; #AMLO, nuestro próximo presidente, ya trabaja…","RT @RicardoMonrealA: It's a fact: in the next administration we will rescue our field; #AMLO, our next president, is already working ...",0.0
"RT @epigmenioibarra: ""Busco legitimar a @lopezobrador_ ?"" 
No Sr. a AMLO lo legitiman, nada más 30 millones de votos.
La campaña ya termino…","RT @epigmenioibarra: ""I seek to legitimize @lopezobrador_?""
No Mr. AMLO is legitimized, just 30 million votes.
The campaign is over ...",0.0
"RT @rubengluengas: #VIDEO Al carecer México de banca nacional, @AlfredoJalifeR_ afirma sería necesario para gobierno de @lopezobrador_ tene…","RT @rubengluengas: #VIDEO Since Mexico lacks national banking, @AlfredoJalifeR_ would be necessary for the government of @lopezobrador_ tene ...",0.0
"RT @PolibiodArcadia: Había dicho que estaba contra el compadrazgo, el conflicto de interés y Agromod es una de las empresas del que sera su…","RT @PolibiodArcadia: I had said that I was against compadrazgo, the conflict of interest and Agromod is one of the companies of which it will be ...",0.0
#México retomando curso. #sostenibilidad #recursosnaturales #agricultura #preservación #bioeconomía… https://t.co/S7X4aqr91F,# Mexico resuming course. #sustainability #resourcesnatural #agriculture # preservation # bioeconomy ... https://t.co/S7X4aqr91F,0.0
RT @LaydaSansores: “Hay que poner orden en el sector energético” -dice @lopezobrador_ al defender el nombramiento de @ManuelBartlett.- “Hoy…,"RT @LaydaSansores: ""We must put order in the energy sector"" -says @lopezobrador_ when defending the appointment of @ ManuelBartlett.- ""Today ...",0.0
"RT @epigmenioibarra: Yo tengo Presidente no Tlatoani
No exijo a @lopezobrador_ sacrificios humanos para legitimarse.
Los quinazos, meter a…","RT @epigmenioibarra: I have President not Tlatoani
I do not demand @lopezobrador_ human sacrifices to legitimize.
Los quinazos, tuck ...",0.0
"Pues que me metan al reclusorio, mi jardín parece vivero!!","Well, they put me in prison, my garden looks like a nursery!",0.0
"RT @lopezobrador_: Continuamos con el trabajo de campo para iniciar, desde el 1 de diciembre, el programa de siembra de un millón de hectár…","RT @lopezobrador_: We continue with the field work to start, from December 1, the sowing program of one million hectares ...",0.0
RT @PeriodistasOax: Reunión @lopezobrador_ @JoseAMeadeK deja memes y regaño de AMLO a la prensa https://t.co/RUulla5XON https://t.co/ohm7J0…,RT @PeriodistasOax: Meeting @lopezobrador_ @JoseAMeadeK leaves memes and reprimands from AMLO to the press https://t.co/RUulla5XON https://t.co/ohm7J0...,0.0
"RT @lopezobrador_: Continuamos con el trabajo de campo para iniciar, desde el 1 de diciembre, el programa de siembra de un millón de hectár…","RT @lopezobrador_: We continue with the field work to start, from December 1, the sowing program of one million hectares ...",0.0
Desde cuando a los gatos de Jorge Soros les preocupa la democracia en México. En su momento el fraude no les import… https://t.co/fS88ssGO37,Since when the Jorge Soros cats are concerned about democracy in Mexico. At the time the fraud did not matter to them ... https://t.co/fS88ssGO37,0.0
"RT @MarianaDiazLuna: Se me ocurre preguntar si tú en lugar de venderte como un disque ""periodista"" hubieras sido... lo que eres, un Don nad…","RT @MarianaDiazLuna: It occurs to me to ask if instead of selling you as a ""journalist"" disc you would have been ... what you are, a Don nad ...",0.0
RT @soyelciudadano2: Ya podemos sacar el tuit de donde estaba guardado? https://t.co/ADOyIsI9nt,RT @ soyelciudadano2: Can we already get the tweet from where it was saved? https://t.co/ADOyIsI9nt,0.0
"RT @jgnaredo: Dice @jorgeramosnews que @lopezobrador_ comienza a “traicionar” a sus votantes por haber nombrado a Bartlett en la CFE.

Duda…","RT @jgnaredo: @jorgeramosnews says that @lopezobrador_ begins to ""betray"" its voters for having named Bartlett in the CFE.

Doubt…",0.0
@lopezobrador_  https://t.co/yuWc5yi5yY,@lopezobrador_ https://t.co/yuWc5yi5yY,0.0
"@PabloHiriart @lopezobrador_ @JoseAMeadeK Se me ocurre preguntar, que hubiera sido si tú tío Pinochet no hubiera sido apoyado por E. U.","@PabloHiriart @lopezobrador_ @JoseAMeadeK It occurs to me to ask, what would it have been if your uncle Pinochet had not been supported by E. U.",0.0
"@lopezobrador_ Te atacó y atacó a varias personas sin fundamentos, no me salgas que lo quieres nombrar vicegobernad… https://t.co/M4PQHH6mQi","@lopezobrador_ You attacked and attacked several people without foundations, do not leave me what you want to name vice-governor ... https://t.co/M4PQHH6mQi",0.0
"RT @luisantgarcia: Siempre entendí y compartí el deseo de cambio manifestado en la última elección.

La diferencia es que jamás estuve de a…","RT @luisantgarcia: I always understood and shared the desire for change manifested in the last election.

The difference is that I was never from ...",0.0
"RT @lopezobrador_: Continuamos con el trabajo de campo para iniciar, desde el 1 de diciembre, el programa de siembra de un millón de hectár…","RT @lopezobrador_: We continue with the field work to start, from December 1, the sowing program of one million hectares ...",0.0
RT @LaydaSansores: “Hay que poner orden en el sector energético” -dice @lopezobrador_ al defender el nombramiento de @ManuelBartlett.- “Hoy…,"RT @LaydaSansores: ""We must put order in the energy sector"" -says @lopezobrador_ when defending the appointment of @ ManuelBartlett.- ""Today ...",0.0
"RT @luispazos1: Solo 2expresidentes reciben pensión, los demás  renunciaron a ella o la donan, el problema de las pensiones abusivas, q des…","RT @ luispazos1: Only 2expresidents receive a pension, the others renounced it or donated it, the problem of abusive pensions, that des ...",0.0
RT @LaydaSansores: “Hay que poner orden en el sector energético” -dice @lopezobrador_ al defender el nombramiento de @ManuelBartlett.- “Hoy…,"RT @LaydaSansores: ""We must put order in the energy sector"" -says @lopezobrador_ when defending the appointment of @ ManuelBartlett.- ""Today ...",0.0
"RT @epigmenioibarra: Yo tengo Presidente no Tlatoani
No exijo a @lopezobrador_ sacrificios humanos para legitimarse.
Los quinazos, meter a…","RT @epigmenioibarra: I have President not Tlatoani
I do not demand @lopezobrador_ human sacrifices to legitimize.
Los quinazos, tuck ...",0.0
@mflynnautora @lopezobrador_ Son sus cuates,@mflynnautora @lopezobrador_ They are your friends,0.0
"RT @Rafaherrera1983: Al ver el acto de @lopezobrador_ y @JoseAMeadeK de civilidad política, creo que es momento para que Meade le pida una…","RT @ Rafaherrera1983: Seeing the act of @lopezobrador_ and @JoseAMeadeK of political civility, I think it's time for Meade to ask for a ...",0.0
@MAYRADELRIO @EliuUrias @armando_rc @FelipeCalderon @ManuelBartlett @lopezobrador_ @CFEmx @tatclouthier… https://t.co/E11Ik9yMwt,@MAYRADELRIO @EliuUrias @armando_rc @FelipeCalderon @ManuelBartlett @lopezobrador_ @CFEmx @ tatclouthier ... https://t.co/E11Ik9yMwt,0.0
RT @aldemok: Tal y como lo dijo el entrevista pasada el maester de Master @AlfredoJalifeR_ México no tiene banca no tiene ejército no tenem…,RT @aldemok: As it was said in the interview last Master's Master @ AlfredoJalifeR_ Mexico does not have a bank does not have an army ...,0.0
"RT @lopezobrador_: Continuamos con el trabajo de campo para iniciar, desde el 1 de diciembre, el programa de siembra de un millón de hectár…","RT @lopezobrador_: We continue with the field work to start, from December 1, the sowing program of one million hectares ...",0.0
"RT @jgnaredo: Dice @jorgeramosnews que @lopezobrador_ comienza a “traicionar” a sus votantes por haber nombrado a Bartlett en la CFE.

Duda…","RT @jgnaredo: @jorgeramosnews says that @lopezobrador_ begins to ""betray"" its voters for having named Bartlett in the CFE.

Doubt…",0.0
"RT @ferbelaunzaran: ¿De dónde saca @lopezobrador_ que es obligación del Estado laico procurar el “bienestar del alma”?

Tiene 30 millones d…","RT @ferbelaunzaran: Where does @lopezobrador_ come from? What is the obligation of the secular State to seek the ""welfare of the soul""?

It has 30 million d ...",0.0
"RT @lopezobrador_: Continuamos con el trabajo de campo para iniciar, desde el 1 de diciembre, el programa de siembra de un millón de hectár…","RT @lopezobrador_: We continue with the field work to start, from December 1, the sowing program of one million hectares ...",0.0
RT @LaydaSansores: “Hay que poner orden en el sector energético” -dice @lopezobrador_ al defender el nombramiento de @ManuelBartlett.- “Hoy…,"RT @LaydaSansores: ""We must put order in the energy sector"" -says @lopezobrador_ when defending the appointment of @ ManuelBartlett.- ""Today ...",0.0
"RT @RicardoMonrealA: Es un hecho: en la siguiente administración rescataremos nuestro campo; #AMLO, nuestro próximo presidente, ya trabaja…","RT @RicardoMonrealA: It's a fact: in the next administration we will rescue our field; #AMLO, our next president, is already working ...",0.0
